family,darling_surface,linux_or_wsl_reference,windows_backend,implementation,status,license_provenance,test_gate,remaining_gap
process,getpid/getppid/waitpid,posix libc+procfs,Win32 process APIs,adapter,verified,system+Darling,host_api_smoke,signal and fork semantics
libc,open/read/write/close/fcntl,glibc/musl POSIX,Win32 file handles,adapter,verified,Darling GPL boundary,host_api_smoke,exact errno and cancellation semantics
socket,socket/connect/sendmsg/recvmsg,POSIX sockets,WinSock2,adapter,verified,system headers,host_api_smoke,ancillary data and Darwin flags
pthread,pthread_create/attr/mutex/cond/rwlock/TLS,glibc pthread,Win32 threads+STL sync,adapter,verified,Darling GPL boundary,host_api_smoke,full cancellation/scheduling/process-shared attributes
time,nanosleep/gettimeofday/mach_absolute_time,POSIX clock APIs,Win32 clocks,adapter,verified,system headers,host_api_smoke,clock source and interruption fidelity
dyld,Mach-O load/bind/RPATH/dylib graph,ELF loader concepts plus WSL loader traces,custom Mach-O loader,implemented,verified,Darling GPL boundary,dyld_smoke,full ABI stubs and symbol interposition
mach-o-edge,fat binaries/chained fixups/dyld info,macho-ld and Darwin_Computa loader references,existing custom Mach-O parser/loader,reference-only,partial,macho-ld license review plus Darling GPL boundary,macho_smoke,32-bit/weak-bind/ObjC initialization and full dyld parity
mach-core,mach_task_self/mach_thread_self/mach_host_self/host_page_size,WSL/Linux task/thread handles and sysconf,Win32 pseudo-port tokens plus GetSystemInfo,adapter,verified,Darwin/PureDarwin reference,mach_abi_smoke,real host/task/thread ports and kernel semantics
mach-vm,mach_vm_allocate/deallocate/protect/read_overwrite/write/copy,WSL mmap/mprotect/process-memory primitives,VirtualAlloc/VirtualProtect/ReadProcessMemory/WriteProcessMemory,adapter,verified,Darling GPL boundary,mach_abi_smoke,current-process only; remote VM/COW/inheritance/wired/purgeable semantics
mach-ipc,mach_port_allocate/send/receive/get_refs/type/mach_msg,WSL/Linux IPC primitives,process-local queue,adapter,verified,Darwin/PureDarwin reference,mach_abi_smoke,cross-process IPC; send dispositions; notifications; port sets; full mach_msg wire ABI
objc,classes/selectors/autorelease/TLV,objc runtime concepts,custom Windows runtime,adapter,partial,Darling/PureDarwin review,objc_runtime_smoke,Foundation/CoreFoundation/AppKit
frameworks,Foundation/CoreGraphics/AppKit,WSL cannot provide macOS frameworks; Cocotron supplies historical API inventory,no Windows backend,not implemented,missing,"Apple/PureDarwin/Cocotron review",none,Foundation/CoreFoundation/AppKit implementation and runtime evidence
licensing,source/component provenance,WSL and PureDarwin source inventories,licenses/ inventories,documentation,partial,component-specific review,inventory checks,147 external components still require review
darlingserver-substrate,mldr/dyld/darlingserver and modern Mach RPC,Darwin_Computa Boxedwine64 emulated Linux path,optional WSL/guest-kernel backend,reference-only,not implemented,Darwin-Computa GPLv2 plus Darling/Boxedwine boundaries,none,guest rootfs staging and Windows-hosted WSL/Boxedwine execution still required
loader-edge,fat Mach-O/chained fixups/dyld-info/weak-bind/ObjC init,macho-ld plus Darwin_Computa loader traces,custom Mach-O and dyld adapters,partial,partial,source-specific review plus Darling GPL boundary,dyld_smoke,macho-ld lacks 32-bit/weak-bind/ObjC initialization and local edge fixtures still need expansion
framework-foundation,Foundation/CoreFoundation object/string/data/process surfaces,Cocotron/touchHLE/VST-ace API inventories,none yet,reference-only,missing,component-specific review,none,Windows implementation and runtime evidence absent
foundation-type-encoding,NSGetSizeAndAlignment Objective-C type encoding,macho-ld/Classix/VST-ace ABI and runtime references,independent Windows type-encoding adapter,adapter,verified,Darling GPL boundary,foundation_smoke,full Foundation/CoreFoundation surface and exact edge-case ABI compatibility remain open
guest-native-boundary,guest address allocation/resolver/native callback bridge,Classix and VST-ace resolver designs,existing Mach-O/ObjC adapter,partial,partial,source-specific review,objc_runtime_smoke,full guest ABI transition and callback safety not proven
