"component","git_metadata","upstream_origin","head_commit","license_file","license_status"
"adv_cmds","present","https://github.com/darlinghq/darling-adv_cmds.git","56dcf5ebeb822650d7929f666be58544b2391f6e","","review-required"
"apr","present","https://github.com/darlinghq/darling-apr.git","5aa6eba89e497a67f1b9db7842371141a8616674","","review-required"
"architecture","present","https://github.com/darlinghq/darling-architecture","63162c4744e9bd07673d4c29f8825f105f670e44","","review-required"
"AvailabilityVersions","present","https://github.com/darlinghq/darling-AvailabilityVersions","e28c029a8fa46fa933cbf6d6d9a1c00978c5fad1","","review-required"
"awk","present","https://github.com/darlinghq/darling-awk.git","5d46e527461bce5fa10b89320a1c6ce5f1ae38b6","","review-required"
"bash","present","https://github.com/darlinghq/darling-bash.git","2ebbba45039182784202b17069e122367ee63946","","review-required"
"basic_cmds","present","https://github.com/darlinghq/darling-basic_cmds.git","b1ed4f0f6a981590542071d8b36535cf3e441be0","","review-required"
"bc","present","https://github.com/darlinghq/darling-bc.git","666e93c8223f509ae9c3c69e3c20af45d49a749c","","review-required"
"BerkeleyDB","present","https://github.com/darlinghq/darling-BerkeleyDB.git","1411173f0eb71f96ab6134de4e052d16acb8c673","db\LICENSE","present"
"bind9","present","https://github.com/darlinghq/darling-bind9.git","7542d50b3087edb4a46a2bdb11ba75034aa2bffa","","review-required"
"bmalloc","present","https://github.com/darlinghq/darling-bmalloc.git","66c88bc0b977ef843a9eaa706d586d9cec2608da","","review-required"
"bootstrap_cmds","present","https://github.com/darlinghq/darling-bootstrap_cmds.git","0f300a7a04bb1174a3b7db58b57d738aadc14e13","","review-required"
"bsm","present","https://github.com/darlinghq/darling-bsm.git","bec0dd61bb07469d1fcb3985822d350abc9934f7","","review-required"
"bzip2","present","https://github.com/darlinghq/darling-bzip2.git","dc8c6839093afed1f288715260d32314ad362084","","review-required"
"cctools","present","https://github.com/darlinghq/darling-cctools.git","8777b6dc7c4de87087c028e17db075795b3684d3","","review-required"
"cctools-port","present","https://github.com/darlinghq/cctools-port.git","d9456c221e1f462e17c0b3297748bc089d5a861e","","review-required"
"cfnetwork","present","https://github.com/darlinghq/darling-cfnetwork.git","e7e3db881008d883f82914765a72ce842bcba735","","review-required"
"cocotron","present","https://github.com/darlinghq/darling-cocotron.git","a305f023857b565fce560f907ea7d9ee5e8153d5","","review-required"
"commoncrypto","present","https://github.com/darlinghq/darling-commoncrypto.git","2434540f41a5f94f149cfddd67da244961b716e5","","review-required"
"compiler-rt","present","https://github.com/darlinghq/darling-compiler-rt.git","5fd9bc0effa307b99b35da59ce579e8e031c22da","","review-required"
"configd","present","https://github.com/darlinghq/darling-configd.git","98e52de19c52f7938e581ed20385f38abd7fa197","","review-required"
"copyfile","present","https://github.com/darlinghq/darling-copyfile.git","ed6094c9a2f8ba19aa55b7b504c3665797078e8f","","review-required"
"corecrypto","present","https://github.com/darlinghq/darling-corecrypto.git","875f1cd9e75b0029d872b88ce8a77da276c00c84","","review-required"
"corefoundation","present","https://github.com/darlinghq/darling-corefoundation.git","3469fdf6904155e0efa84a6d6ca58a6986890c25","","review-required"
"coretls","present","https://github.com/darlinghq/darling-coretls.git","b61a4f075726e7d5ef4652033f8d7b829c008d06","","review-required"
"crontabs","present","https://github.com/darlinghq/darling-crontabs.git","b5bc00d2a75f6c622976e2ebbe244fb2d7d602ea","","review-required"
"csu","present","https://github.com/darlinghq/darling-Csu.git","93b25cf0930a727b44fa50893bffd71056ad032f","","review-required"
"cups","present","https://github.com/darlinghq/darling-cups.git","51b7c251ef5ff81adc20284544394de8cc2e1315","","review-required"
"curl","present","https://github.com/darlinghq/darling-curl.git","92f54fd7eceabed2c2382a4acc0f7293dedd92ff","","review-required"
"darling-dmg","present","https://github.com/darlinghq/darling-dmg.git","1a6de10c5886c40a414090701b2520bd0417ce29","","review-required"
"darlingserver","present","https://github.com/darlinghq/darlingserver.git","89751e64bc6c2082f7725061824ee0e33395b0de","","review-required"
"dbuskit","present","https://github.com/darlinghq/darling-dbuskit.git","890e51fda949e4dd2c46765e39074f790c10ca18","","review-required"
"DirectoryService","present","https://github.com/darlinghq/darling-DirectoryService.git","feb9742f574ab812a210634fd3997f19b645095f","APPLE_LICENSE","present"
"doc_cmds","present","https://github.com/darlinghq/darling-doc_cmds.git","60c6a2b858abe1f27b441f479aad2b0a9d0f9ba2","","review-required"
"DSTools","present","https://github.com/darlinghq/darling-DSTools.git","e015256b16965ac032412f2277c608c7213c03b3","","review-required"
"dtrace","present","https://github.com/darlinghq/darling-dtrace.git","fd2a404c772e8ce1d29f210032e9831fa845f688","","review-required"
"dyld","present","https://github.com/darlinghq/darling-dyld.git","63f667cf06d7ed59553adebb0c8d70a117135ac9","","review-required"
"energytrace","present","https://github.com/darlinghq/darling-energytrace.git","e277fcfd430ddab2d8b52187cf480f2857629104","","review-required"
"expat","present","https://github.com/darlinghq/darling-expat.git","70006a0c32d7c8653c11e53fc0c905f1bb498218","","review-required"
"file","present","https://github.com/darlinghq/darling-file.git","c6ee65265d253d24b1a496f8ca54b5e449fe108c","","review-required"
"file_cmds","present","https://github.com/darlinghq/darling-file_cmds.git","c0d72b5c98888a9d8e0b73cf8aac0df908e615f2","","review-required"
"files","present","https://github.com/darlinghq/darling-files.git","1c45a50ae0d6ca5bbb8b01d2b588f52bc0e39263","","review-required"
"fmdb","present","https://github.com/darlinghq/fmdb.git","ad2fdd660d02c24b262d64d7d23d3d4645768f44","","review-required"
"foundation","present","https://github.com/darlinghq/darling-foundation.git","a8b5ab193a107712d0806b6f95bfa763be68e1f8","","review-required"
"glut","present","https://github.com/darlinghq/darling-glut.git","b53a2d8f0c6dc0c2052aef410a120d14ee553056","","review-required"
"gnudiff","present","https://github.com/darlinghq/darling-gnudiff.git","ae0ab716658296164a032be7406f082cdc31c954","","review-required"
"gnutar","present","https://github.com/darlinghq/darling-gnutar.git","1414bc8a8bd2e9dae701831e749febe2e2e84d68","","review-required"
"gpatch","present","https://github.com/darlinghq/darling-gpatch.git","49acc897e8cb832a26b7ac4d2f7db51d3c6ba037","","review-required"
"grep","present","https://github.com/darlinghq/darling-grep.git","62d70fada3a01de87aff927a86b8df0f7f2a837a","","review-required"
"groff","present","https://github.com/darlinghq/darling-groff.git","10dd5a6be4915a99065bc15dfc6b6b1e9e1a2714","","review-required"
"Heimdal","present","https://github.com/darlinghq/darling-Heimdal.git","3dfb09751063d6c144143edfb2ef13aa3e8c57de","","review-required"
"icu","present","https://github.com/darlinghq/darling-icu.git","6b609b2b0ce9a620543f357de4e549f09afec4ea","","review-required"
"installer","present","https://github.com/darlinghq/darling-installer.git","88764e6149f92f1747442c27ab00231f40de278c","","review-required"
"iokitd","present","https://github.com/darlinghq/darling-iokitd.git","5549ac4cd2db923c256f016a1381b3bfb716730a","","review-required"
"IOKitTools","present","https://github.com/darlinghq/darling-IOKitTools.git","df58be2f134f7adbdd3c760a165ad3501ee82fb5","","review-required"
"IOKitUser","present","https://github.com/darlinghq/darling-iokituser.git","534684e6748dffbd875c6cd1942477a52b66a077","","review-required"
"IONetworkingFamily","present","https://github.com/darlinghq/darling-IONetworkingFamily.git","28afb431947b8e8dbbb120db7632ba6de229bf23","","review-required"
"IOStorageFamily","present","https://github.com/darlinghq/darling-iostoragefamily.git","33178aef923d9c99f1819db2ada253054f4dd812","","review-required"
"JavaScriptCore","present","https://github.com/darlinghq/darling-JavaScriptCore.git","93410cc0dbc7a961d58d048c151117acdb18a566","","review-required"
"keymgr","present","https://github.com/darlinghq/darling-keymgr.git","43b4230aec2e9018b0ffd3069b8b23a34ba257fb","","review-required"
"less","present","https://github.com/darlinghq/darling-less.git","a6bc77c8e72aaa35da92b903172a70eaa4ef78fa","","review-required"
"libarchive","present","https://github.com/darlinghq/darling-libarchive.git","998d739c602a1b35e2377ec9161e9c13d1d8604d","","review-required"
"libauto","present","https://github.com/darlinghq/darling-libauto.git","2be7312b25736a8e9fc12058d63cbb79eb5f4e25","","review-required"
"libc","present","https://github.com/darlinghq/darling-Libc.git","5a38c8dabf9e76b39407c24bc13134e33e5594e6","","review-required"
"libclosure","present","https://github.com/darlinghq/darling-libclosure.git","b4122f19c89512d9e930259a85c5f2674eff2b2b","","review-required"
"libcxx","present","https://github.com/darlinghq/darling-libcxx.git","c47677d3ba33bdabbfb07e75f531831579355a2d","","review-required"
"libcxxabi","present","https://github.com/darlinghq/darling-libcxxabi.git","c9c851718eb304a9aefa097aeaaf8c3bd1dff1bc","","review-required"
"libdispatch","present","https://github.com/darlinghq/darling-libdispatch.git","380f03c180b80d940134fb35783ddc714784a53a","","review-required"
"libedit","present","https://github.com/darlinghq/darling-libedit.git","f9b44b8541614e33b09451fc2847f7e30bfb9b70","","review-required"
"libffi","present","https://github.com/darlinghq/darling-libffi.git","c796ec121cfd950aa5cc901ea47854a8431948ac","","review-required"
"libiconv","present","https://github.com/darlinghq/darling-libiconv.git","0d6f47d33a7cc97e468e864099fff74875b41937","","review-required"
"Libinfo","present","https://github.com/darlinghq/darling-Libinfo.git","93d242ce3f86d1de67522279edb3a2dcb23f30c7","","review-required"
"libkqueue","present","https://github.com/darlinghq/darling-libkqueue.git","b0795a2e1dab5331116770139bfea8d832478f5f","","review-required"
"liblzma","present","https://github.com/darlinghq/darling-liblzma.git","855ebc93f8208ae4b6e77a018d4ba4a4be4d2ab7","","review-required"
"libmalloc","present","https://github.com/darlinghq/darling-libmalloc.git","a57991e2651226a675654bd96e5d9ab6bec288c5","","review-required"
"libnetwork","present","https://github.com/darlinghq/darling-libnetwork.git","56c5fad43f24a40d8ca7f8a1d0badedfeaf7e64e","","review-required"
"libnotify","present","https://github.com/darlinghq/darling-Libnotify.git","98156d3f847a3ced6c5f52c12a889047bc4f9b20","","review-required"
"libplatform","present","https://github.com/darlinghq/darling-libplatform.git","5a3e5b529d25c70257dcfa97e94f1826e71e9f40","","review-required"
"libpthread","present","https://github.com/darlinghq/darling-libpthread.git","f07f265bfbcf071c1adfc808de971e053ea5edc5","","review-required"
"libpthread_workqueue-0.8.2","absent","","","include/pthread_workqueue.h (header evidence; BSD-style terms)","header-evidence"
"libresolv","present","https://github.com/darlinghq/darling-libresolv.git","cf955392e5449efb269b8b3510c755085fd36a2d","","review-required"
"libressl-2.2.9","present","https://github.com/darlinghq/darling-libressl.git","52dbcfd522c14edc7bac5eb10c226477c83d550d","","review-required"
"libressl-2.5.5","present","https://github.com/darlinghq/darling-libressl.git","52dbcfd522c14edc7bac5eb10c226477c83d550d","","review-required"
"libressl-2.6.5","present","https://github.com/darlinghq/darling-libressl.git","52dbcfd522c14edc7bac5eb10c226477c83d550d","","review-required"
"libressl-2.8.3","present","https://github.com/darlinghq/darling-libressl.git","52dbcfd522c14edc7bac5eb10c226477c83d550d","","review-required"
"librpcsvc","present","https://github.com/darlinghq/darling-librpcsvc.git","0cc1d42e53c61446616719597e96b29aeda51eb3","","review-required"
"libstdcxx","present","https://github.com/darlinghq/darling-libstdcxx.git","73eb757fe23170c372bef17d6de41787c1271c80","","review-required"
"libsystem","present","https://github.com/darlinghq/darling-Libsystem.git","08df454b6eb0df9400aa4c39839a7efd6efd2c3c","","review-required"
"libtelnet","present","https://github.com/darlinghq/darling-libtelnet.git","1ebd4eef48d06e6411ed2a0f60ba5d3fce5ab455","","review-required"
"libtrace","present","https://github.com/darlinghq/darling-libtrace.git","2311fc0e0fa15d161c49fba6845aa3ea9d1003b3","","review-required"
"libunwind","present","https://github.com/darlinghq/darling-libunwind.git","a91da1a0e262e04eb601152a84228ff733e48422","","review-required"
"libutil","present","https://github.com/darlinghq/darling-libutil.git","e3782a467c248c8d181aba1200ee0642abb65baf","","review-required"
"libxml2","present","https://github.com/darlinghq/darling-libxml2.git","d4f2967c8ca84a23a886978098c0520fe2963b92","","review-required"
"libxpc","present","https://github.com/darlinghq/darling-libxpc.git","394e033333d3c253a12f08a99090c113b0917d00","","review-required"
"libxslt","present","https://github.com/darlinghq/darling-libxslt.git","50d22bd5b761a1885009b690e48d858ff73e768b","","review-required"
"lzfse","present","https://github.com/darlinghq/lzfse.git","451f291743bb919cb1b78ced4110402fca52cf97","","review-required"
"mail_cmds","present","https://github.com/darlinghq/darling-mail_cmds.git","4afbcf4b9b8a6c33acaf7e9025e51ce72b3725a7","","review-required"
"man","present","https://github.com/darlinghq/darling-man.git","9af6690f3c7c3c713bb0a20ba1163d3c4278257d","","review-required"
"mDNSResponder","present","https://github.com/darlinghq/darling-mDNSResponder.git","7e38ef562b4f3d41bffabb3e30d844d8042d3bbd","","review-required"
"metal","present","https://github.com/darlinghq/darling-metal.git","ae20248dc144beab899e38752f5a530f28a0ea56","","review-required"
"misc_cmds","present","https://github.com/darlinghq/darling-misc_cmds.git","85b24ec0e2625d75e7ee75b597b9134a49d18b1f","","review-required"
"MITKerberosShim","present","https://github.com/darlinghq/darling-MITKerberosShim.git","39c014d0c54f9ae922be0d697aa6cc1b19c117b6","","review-required"
"nano","present","https://github.com/darlinghq/darling-nano.git","7514f5f1115fffedd8fc2095107ca86ff82c54d6","","review-required"
"ncurses","present","https://github.com/darlinghq/darling-ncurses.git","4cc72a9a1bce214593c10811b0154a8d51db0239","","review-required"
"netcat","present","https://github.com/darlinghq/darling-netcat.git","fd29177d56d84f88406e33784c327ebabfe7be58","","review-required"
"network_cmds","present","https://github.com/darlinghq/darling-network_cmds.git","9a0a90e2021ecdde91986b91f65a236eda158023","","review-required"
"nghttp2","present","https://github.com/darlinghq/darling-nghttp2.git","1a1853837b4350d4393bd25e1e4cb6018ab2d918","","review-required"
"objc4","present","https://github.com/darlinghq/darling-objc4.git","1a12df76d12bfc9fdfffadb290f7742763568765","","review-required"
"OpenAL","present","https://github.com/darlinghq/darling-openal.git","7c60cf7109b7a3a8f5d41ed8b84d340a8d768525","","review-required"
"OpenDirectory","present","https://github.com/darlinghq/darling-opendirectory.git","67a8ad2ed0b06775bf53839446e2df7d49ab1c96","","review-required"
"openjdk","present","https://github.com/darlinghq/openjdk.git","5a541c1844a9508e48b3addaf2d38775683abb38","","review-required"
"OpenLDAP","present","https://github.com/darlinghq/darling-openldap.git","3b15390bbcad8234aabb3246b0552105b17118d0","","review-required"
"openpam","present","https://github.com/darlinghq/darling-openpam.git","8362545bac04032fcf59287cd66e6f4662a3692b","","review-required"
"openssh","present","https://github.com/darlinghq/darling-openssh.git","9137305e5793d31124bcf2fdf0c6fa28c2e3e812","","review-required"
"openssl","present","https://github.com/darlinghq/darling-openssl.git","dc7bf84efa5a0befa0d970d4d5177853ac448d6f","","review-required"
"openssl_certificates","present","https://github.com/darlinghq/darling-openssl_certificates.git","cca4f47e3ca18b58961157ef0ec6a6fc135b8cd2","","review-required"
"passwordserver_sasl","present","https://github.com/darlinghq/darling-passwordserver_sasl.git","45019fa25adf5ad5713d9e39df3b72e420dccc96","","review-required"
"patch_cmds","present","https://github.com/darlinghq/darling-patch_cmds.git","0670c7fbadfd715ac78d5476552788416cad0020","","review-required"
"pcre","present","https://github.com/darlinghq/darling-pcre.git","6f67e33869a2b08da9465034c41e64e16fc7faf9","","review-required"
"perl","present","https://github.com/darlinghq/darling-perl.git","a65d68be2146d85928e511aabc8f3a2b05e564ba","","review-required"
"pyobjc","present","https://github.com/darlinghq/darling-pyobjc.git","d1a7440efe1c1090b256273ae91831186f7afde4","","review-required"
"python","present","https://github.com/darlinghq/darling-python.git","4856509729cc320006a1235291e47408cd7b13ce","","review-required"
"python_modules","present","https://github.com/darlinghq/darling-python_modules.git","24d01b41cb38fafc810cdd27562224c4014a4761","","review-required"
"remote_cmds","present","https://github.com/darlinghq/darling-remote_cmds.git","3bb9f88724726d0d3073c04dfdc4785564113341","","review-required"
"removefile","present","https://github.com/darlinghq/darling-removefile.git","3cd493871f27130f9cf64c31daab9cca2ee17726","","review-required"
"rsync","present","https://github.com/darlinghq/darling-rsync.git","316c5b6b2780a28179f692f3fc0d63ebc2985705","","review-required"
"ruby","present","https://github.com/darlinghq/darling-ruby.git","423f2439478d2e24d7c19b2e0ea4a67ee3e80c3d","","review-required"
"screen","present","https://github.com/darlinghq/darling-screen.git","4bed52587563ede850bf9ff834567478ac1e616b","","review-required"
"security","present","https://github.com/darlinghq/darling-security.git","3cfffcf2c5b5900169c964facdf42cc05c23005c","","review-required"
"SecurityTokend","present","https://github.com/darlinghq/darling-SecurityTokend.git","c826860db4061667af6f0c3aa55282aab0924e1a","","review-required"
"shell_cmds","present","https://github.com/darlinghq/darling-shell_cmds.git","5191dabbeff0aec230fc1275bae1653281ba52b2","","review-required"
"SmartCardServices","present","https://github.com/darlinghq/darling-SmartCardServices.git","ec53ce56972565047a716ab166176f203f520393","","review-required"
"sqlite","present","https://github.com/darlinghq/darling-sqlite.git","3472e2568cb7fcc25fe91af80da8d2fe884d9ac0","","review-required"
"swift","present","https://github.com/darlinghq/darling-swift.git","471514f4b4985a604b192e1facac9bbc53dedad3","","review-required"
"syslog","present","https://github.com/darlinghq/darling-syslog.git","36ab27964cac4affe3907a598047bd21b8958919","","review-required"
"system_cmds","present","https://github.com/darlinghq/darling-system_cmds.git","b01129f3dc0ecab524dbd0fd08e29ec9f0e18196","","review-required"
"tcsh","present","https://github.com/darlinghq/darling-tcsh.git","7737644ec31303be19c533aab093209f3458e060","","review-required"
"text_cmds","present","https://github.com/darlinghq/darling-text_cmds.git","3edd740c82b8b87c17ec9cfaae7606f6176626df","","review-required"
"TextEdit","present","https://github.com/darlinghq/darling-TextEdit.git","99ec72a94dab166eefa264e9802ebd0d80aca845","","review-required"
"top","present","https://github.com/darlinghq/darling-top.git","4e27f81b5cfeef9d31d8fe5d938a80d26cca9ab5","","review-required"
"usertemplate","present","https://github.com/darlinghq/darling-usertemplate.git","5f8cca97aa03ff9290d6ccc0a4d185aa1a913875","","review-required"
"vim","present","https://github.com/darlinghq/darling-vim.git","7f8da1dd66fc8f0654ebfa597b6013c8cf15185a","","review-required"
"WebCore","present","https://github.com/darlinghq/darling-WebCore.git","47fac4c8130ea9afc9b9df68c81ade56ca7ea57e","","review-required"
"WTF","present","https://github.com/darlinghq/darling-WTF.git","88a36e496a6f285a9e15140c2c431b817bae353b","","review-required"
"xar","present","https://github.com/darlinghq/darling-xar.git","887bd4f42eb4ac9139a7f621b5811065aa86f3e3","","review-required"
"xcbuild","present","https://github.com/darlinghq/xcbuild.git","a903c6952fc5617816113cbb7b551ac701dba2ff","","review-required"
"xnu","present","https://github.com/darlinghq/darling-xnu.git","fa29287aa2f0115271e091f1031f53c9e024005d","","review-required"
"zip","present","https://github.com/darlinghq/darling-zip.git","caf41ebbc3ebab0250e4d13aa42221ef91a9802c","","review-required"
"zlib","present","https://github.com/darlinghq/darling-zlib.git","677de9b1c2bea1e428f56d8fc63300aa471eaf99","","review-required"
"zsh","present","https://github.com/darlinghq/darling-zsh.git","4a7a6ebf6216395c7db698a4993db16e484aa54d","","review-required"
